election_key,election_year,election_date,election_label,electoral_system,status,is_complete,comparability_notes,source_notes
europee_1979,1979,1979-06-10,Europee 1979,proportional_european_list,completed,true,official_eligendo_opendata_zip; election_type=europee; primary_member=europee-19790610.txt; territorial_source_rows=8073,source=eligendo_opendata_zip; scope=italy_municipalities; election_type=europee; archive=europee-19790610.zip; primary_member=europee-19790610.txt; source_rows=98357; unique_municipalities=8073; result_rows=94829
europee_1984,1984,1984-06-17,Europee 1984,proportional_european_list,completed,true,official_eligendo_opendata_zip; election_type=europee; primary_member=europee-19840617.txt; territorial_source_rows=8088,source=eligendo_opendata_zip; scope=italy_municipalities; election_type=europee; archive=europee-19840617.zip; primary_member=europee-19840617.txt; source_rows=82361; unique_municipalities=8088; result_rows=78172
europee_1989,1989,1989-06-18,Europee 1989,proportional_european_list,completed,true,official_eligendo_opendata_zip; election_type=europee; primary_member=europee-19890618.txt; territorial_source_rows=8093,source=eligendo_opendata_zip; scope=italy_municipalities; election_type=europee; archive=europee-19890618.zip; primary_member=europee-19890618.txt; source_rows=101657; unique_municipalities=8093; result_rows=97035
europee_1994,1994,1994-06-12,Europee 1994,proportional_european_list,completed,true,official_eligendo_opendata_zip; election_type=europee; primary_member=europee-19940612.txt; territorial_source_rows=8104,source=eligendo_opendata_zip; scope=italy_municipalities; election_type=europee; archive=europee-19940612.zip; primary_member=europee-19940612.txt; source_rows=135741; unique_municipalities=8104; result_rows=127789
europee_1999,1999,1999-06-13,Europee 1999,proportional_european_list,completed,true,official_eligendo_opendata_zip; election_type=europee; primary_member=europee-19990613.txt; territorial_source_rows=8099,source=eligendo_opendata_zip; scope=italy_municipalities; election_type=europee; archive=europee-19990613.zip; primary_member=europee-19990613.txt; source_rows=172829; unique_municipalities=8099; result_rows=160274
europee_2004,2004,2004-06-12,Europee 2004,proportional_european_list,completed,true,official_eligendo_opendata_zip; election_type=europee; primary_member=europee-20040612.txt; territorial_source_rows=8100,source=eligendo_opendata_zip; scope=italy_municipalities; election_type=europee; archive=europee-20040612.zip; primary_member=europee-20040612.txt; source_rows=180760; unique_municipalities=8100; result_rows=166324
europee_2009,2009,2009-06-07,Europee 2009,proportional_european_list,completed,true,official_eligendo_opendata_zip; election_type=europee; primary_member=europee-20090607.txt; territorial_source_rows=8100,source=eligendo_opendata_zip; scope=italy_municipalities; election_type=europee; archive=europee-20090607.zip; primary_member=europee-20090607.txt; source_rows=109577; unique_municipalities=8100; result_rows=103129
europee_2014,2014,2014-05-25,Europee 2014,proportional_european_list,completed,true,official_eligendo_opendata_zip; election_type=europee; primary_member=europee-20140525.txt; territorial_source_rows=8057,source=eligendo_opendata_zip; scope=italy_municipalities; election_type=europee; archive=europee-20140525.zip; primary_member=europee-20140525.txt; source_rows=90096; unique_municipalities=8057; result_rows=85570
europee_2019,2019,2019-05-26,Europee 2019,proportional_european_list,completed,true,official_eligendo_opendata_zip; election_type=europee; primary_member=europee-20190526.txt; territorial_source_rows=7915,source=eligendo_opendata_zip; scope=italy_municipalities; election_type=europee; archive=europee-20190526.zip; primary_member=europee-20190526.txt; source_rows=124515; unique_municipalities=7915; result_rows=112272
europee_2024,2024,2024-06-09,Europee 2024,proportional_european_list,completed,true,official_eligendo_opendata_zip; election_type=europee; primary_member=EUROPEE_ITALIA_LivComune.csv; territorial_source_rows=7896,source=eligendo_opendata_zip; scope=italy_municipalities; election_type=europee; archive=europee-20240609.zip; primary_member=EUROPEE_ITALIA_LivComune.csv; source_rows=93984; unique_municipalities=7896; result_rows=90109
